"model","attempt","iterations","max_rhat","min_ess_bulk","min_ess_tail","passed","elapsed_seconds","rep_id","eff_range","prior_scale"
"spatial",1,10000,1.00605720382329,1199.44485297762,1362.59095305477,TRUE,253.261,1,0,500
"nonspatial",1,10000,1.00167931976426,2457.97088323386,2446.95770639869,TRUE,6.221,1,0,500
"spatial",1,10000,1.00849180604984,1116.93193521753,1341.8581642939,TRUE,250.708,2,0,500
"nonspatial",1,10000,1.00328787355252,2746.98597562422,2744.57498943587,TRUE,6.11000000000001,2,0,500
"spatial",1,10000,1.00592711456699,1246.7217859251,1559.34026896984,TRUE,251.042,3,0,500
"nonspatial",1,10000,1.00249706689881,2754.5338868487,2471.63688671352,TRUE,6.38400000000001,3,0,500
"spatial",1,10000,1.00547875164486,1294.41458502448,1566.02357989379,TRUE,251.247,4,0,500
"nonspatial",1,10000,1.00192418703912,2442.75238501106,2305.25320127507,TRUE,6.13599999999997,4,0,500
"spatial",1,10000,1.00349390546078,1161.21950585545,1261.79104814788,TRUE,250.927,5,0,500
"nonspatial",1,10000,1.00339751118991,2695.39590531612,2559.11762181535,TRUE,6.14999999999998,5,0,500
"spatial",1,10000,1.00571037916932,1194.51919143515,1544.89294380058,TRUE,251.194,6,0,500
"nonspatial",1,10000,1.00208973916815,2678.52795761044,2644.39328717568,TRUE,6.16600000000005,6,0,500
"spatial",1,10000,1.00629988915897,966.35707754456,1117.26382501284,TRUE,251.696,7,0,500
"nonspatial",1,10000,1.00144312371341,2981.19120628239,2818.50803188294,TRUE,6.06800000000004,7,0,500
"spatial",1,10000,1.00920783620403,1086.56821796078,1298.63314512688,TRUE,251.219,8,0,500
"nonspatial",1,10000,1.00243008713611,2559.25733365569,2450.44463585768,TRUE,6.15699999999998,8,0,500
"spatial",1,10000,1.0066072506849,1263.55614801383,1258.16255045636,TRUE,251.036,9,0,500
"nonspatial",1,10000,1.00248420843323,2754.91450251934,2636.62016781518,TRUE,6.42699999999996,9,0,500
"spatial",1,10000,1.00518303608859,1108.98407030226,1360.42113301969,TRUE,250.935,10,0,500
"nonspatial",1,10000,1.00214471030547,2800.6981273748,2720.79140394674,TRUE,6.09199999999998,10,0,500
"spatial",1,10000,1.00423702349605,1056.27959381318,1406.68397232552,TRUE,251.583,1,50,500
"nonspatial",1,10000,1.00250779645762,2739.11959316517,2462.73404039051,TRUE,6.16899999999998,1,50,500
"spatial",1,10000,1.00747269268238,1164.03545475569,1245.84130591557,TRUE,251.326,2,50,500
"nonspatial",1,10000,1.00222448948157,2734.95871996955,2456.11245867217,TRUE,6.22800000000001,2,50,500
"spatial",1,10000,1.00490254529157,1193.72625980095,1128.09146381959,TRUE,251.188,3,50,500
"nonspatial",1,10000,1.00192717338277,2758.77218923272,2661.46258777959,TRUE,6.05000000000001,3,50,500
"spatial",1,10000,1.00800433596984,1172.55085463579,1131.29084251997,TRUE,250.877,4,50,500
"nonspatial",1,10000,1.00235006874401,2804.38070425788,2631.51721837885,TRUE,6.03099999999995,4,50,500
"spatial",1,10000,1.01030182491324,1136.45213739069,1076.27894209167,FALSE,251.332,5,50,500
"spatial",2,20000,1.00351731101103,2212.01686598987,2281.17701352527,TRUE,479.246,5,50,500
"nonspatial",1,10000,1.00234276572912,2672.61214066093,2622.57366232288,TRUE,6.38599999999997,5,50,500
"spatial",1,10000,1.0056964787581,1101.29525987981,1038.47036364204,TRUE,250.868,6,50,500
"nonspatial",1,10000,1.00263239028666,2578.43896912294,2484.71242596314,TRUE,6.16199999999998,6,50,500
"spatial",1,10000,1.00631568016596,1052.99415980242,1084.29326965556,TRUE,250.5,7,50,500
"nonspatial",1,10000,1.00249477797998,2450.80316128379,2665.64537141186,TRUE,5.81999999999999,7,50,500
"spatial",1,10000,1.00450858702954,1161.28836857001,1072.0442636026,TRUE,250.658,8,50,500
"nonspatial",1,10000,1.00188640755624,2788.65387996197,2608.89236561973,TRUE,6.17400000000004,8,50,500
"spatial",1,10000,1.0108520781054,1117.92480170406,1241.22939195024,FALSE,251.063,9,50,500
"spatial",2,20000,1.00272557778562,2202.51880624614,2402.77375969327,TRUE,478.832,9,50,500
"nonspatial",1,10000,1.00217939385958,2729.51253426846,2634.11667881606,TRUE,6.33600000000001,9,50,500
"spatial",1,10000,1.00521116377038,1206.32444746211,1269.12935486678,TRUE,250.514,10,50,500
"nonspatial",1,10000,1.00240693983791,2835.47976413581,2499.19616444828,TRUE,5.82999999999998,10,50,500
"spatial",1,10000,1.00571228784617,1155.1858870694,1126.82766552987,TRUE,251.009,1,150,500
"nonspatial",1,10000,1.00242069365,2894.71919120685,2631.02957883073,TRUE,6.166,1,150,500
"spatial",1,10000,1.00728858198313,1040.94821549697,748.212413302582,TRUE,251.1,2,150,500
"nonspatial",1,10000,1.00265695691663,2844.32893935952,2722.50323196691,TRUE,6.19499999999999,2,150,500
"spatial",1,10000,1.00835503707839,837.067842561077,571.851604781954,TRUE,251.206,3,150,500
"nonspatial",1,10000,1.00455657334963,2555.14975366242,2339.78492068676,TRUE,5.851,3,150,500
"spatial",1,10000,1.00574599730013,960.020059853555,662.157459171453,TRUE,250.752,4,150,500
"nonspatial",1,10000,1.00403201339806,2648.36559786428,2586.95636121904,TRUE,6.09199999999998,4,150,500
"spatial",1,10000,1.00762770509632,942.429029114759,696.686371015962,TRUE,264.426,5,150,500
"nonspatial",1,10000,1.00166627647415,2646.47204425588,2689.42297403575,TRUE,5.97500000000002,5,150,500
"spatial",1,10000,1.00528091353687,1055.63117386529,901.729402132691,TRUE,264.853,6,150,500
"nonspatial",1,10000,1.00308435289006,2556.65631452816,2694.31432453559,TRUE,6.58500000000004,6,150,500
"spatial",1,10000,1.00779370992603,1070.50248522839,652.759689471218,TRUE,264.419,7,150,500
"nonspatial",1,10000,1.00261198172372,2796.73117259362,2527.02166361952,TRUE,6.35900000000004,7,150,500
"spatial",1,10000,1.00825441463153,1070.23305895574,1047.90092164953,TRUE,264.541,8,150,500
"nonspatial",1,10000,1.00263974896752,2805.58837074534,2930.57701131356,TRUE,6.34299999999996,8,150,500
"spatial",1,10000,1.00429180853419,996.015884023837,954.085534015317,TRUE,264.534,9,150,500
"nonspatial",1,10000,1.00338269548216,2800.58123485651,2492.30536409194,TRUE,6.37400000000002,9,150,500
"spatial",1,10000,1.0065158432102,894.395814624522,905.901858020182,TRUE,265.636,10,150,500
"nonspatial",1,10000,1.00197446086443,2439.61713266298,2335.22033491832,TRUE,6.255,10,150,500
"spatial",1,10000,1.0095191344379,1116.91876180317,1216.8761760857,TRUE,264.709,1,350,500
"nonspatial",1,10000,1.00201580506644,2957.72504246888,2846.13096588252,TRUE,6.31700000000001,1,350,500
"spatial",1,10000,1.00605013636701,1174.73625514688,971.05097535149,TRUE,264.375,2,350,500
"nonspatial",1,10000,1.00239679694637,2731.82426274525,2757.16008971408,TRUE,6.01900000000001,2,350,500
"spatial",1,10000,1.00817187228061,936.308480321205,604.070831945586,TRUE,264.97,3,350,500
"nonspatial",1,10000,1.00340195172684,2652.30446945573,2658.5104375723,TRUE,5.93599999999992,3,350,500
"spatial",1,10000,1.00697100042058,710.858435227494,399.132080599296,FALSE,264.825,4,350,500
"spatial",2,20000,1.00509449425488,1512.65008291275,1167.02421013862,TRUE,484.93,4,350,500
"nonspatial",1,10000,1.00396822142358,2629.98743387098,2564.25306104948,TRUE,6.06600000000003,4,350,500
"spatial",1,10000,1.0072821679287,944.250373589041,627.063544836023,TRUE,264.95,5,350,500
"nonspatial",1,10000,1.00259847448292,2648.06120014501,2714.35447238572,TRUE,6.35300000000007,5,350,500
"spatial",1,10000,1.00631565835742,1078.79550395071,892.9021566148,TRUE,264.478,6,350,500
"nonspatial",1,10000,1.00194674701765,2511.12941639706,2740.82548987564,TRUE,6.245,6,350,500
"spatial",1,10000,1.0045060874649,977.46383342062,840.321923792407,TRUE,264.519,7,350,500
"nonspatial",1,10000,1.00225918219274,2743.0691901132,2591.0770144555,TRUE,6.31200000000001,7,350,500
"spatial",1,10000,1.00575330869402,990.931280461096,970.555430305955,TRUE,264.93,8,350,500
"nonspatial",1,10000,1.00434789028218,2705.6690191783,2326.07351802124,TRUE,6.28600000000006,8,350,500
"spatial",1,10000,1.01150033054993,698.123231144998,789.223922880176,FALSE,265.025,9,350,500
"spatial",2,20000,1.00562977784657,1462.5419606622,1640.562452968,TRUE,489.39,9,350,500
"nonspatial",1,10000,1.00234652467167,2711.0601434913,2659.9469463379,TRUE,6.16899999999998,9,350,500
"spatial",1,10000,1.00930257830153,764.041371187893,773.168603854821,TRUE,264.734,10,350,500
"nonspatial",1,10000,1.00221398114314,2574.11959921425,2318.32169110103,TRUE,6.36300000000006,10,350,500
"spatial",1,10000,1.00729337070199,1083.39793479083,1114.37538355332,TRUE,264.592,1,750,500
"nonspatial",1,10000,1.00421637424829,2678.89569286932,2105.98947341889,TRUE,6.23699999999997,1,750,500
"spatial",1,10000,1.0046952538726,1171.74970247821,1198.35917318941,TRUE,264.938,2,750,500
"nonspatial",1,10000,1.00196265857609,2758.49607794246,2792.82788332375,TRUE,6.26199999999994,2,750,500
"spatial",1,10000,1.00658446721501,819.488183481119,755.115851578271,TRUE,264.507,3,750,500
"nonspatial",1,10000,1.00242681753797,2523.51326760262,2573.03884173002,TRUE,6.62199999999996,3,750,500
"spatial",1,10000,1.00526796059326,1065.40337658717,990.007257483435,TRUE,265.084,4,750,500
"nonspatial",1,10000,1.00310879163727,2555.09034319925,2536.4973451524,TRUE,6.06899999999996,4,750,500
"spatial",1,10000,1.00521314008293,814.938860414664,519.70258136979,TRUE,268.188,5,750,500
"nonspatial",1,10000,1.00203771013297,2809.31087941566,2515.84284614746,TRUE,6.54499999999996,5,750,500
"spatial",1,10000,1.00868256113943,1095.46301650703,1008.27129191851,TRUE,264.324,6,750,500
"nonspatial",1,10000,1.00198773417907,2468.97582759361,2683.71258345176,TRUE,6.35400000000004,6,750,500
"spatial",1,10000,1.00674867179487,873.736678057965,752.799649323117,TRUE,273.837,7,750,500
"nonspatial",1,10000,1.00182265509059,2614.22725579298,2644.66758757285,TRUE,6.52800000000002,7,750,500
"spatial",1,10000,1.00603789432508,1082.32231492,1239.61651319718,TRUE,266.897,8,750,500
"nonspatial",1,10000,1.00338919329768,2748.39608143467,2422.85425176822,TRUE,6.43100000000004,8,750,500
"spatial",1,10000,1.00915936737473,868.041631314637,737.012654585374,TRUE,267.879,9,750,500
"nonspatial",1,10000,1.00171548972525,2867.8517013169,2840.42339505589,TRUE,6.39999999999998,9,750,500
"spatial",1,10000,1.00641927373105,1017.6196288591,1069.73496606076,TRUE,267.477,10,750,500
"nonspatial",1,10000,1.00279629019653,2674.39457786324,2645.5457949492,TRUE,6.43200000000002,10,750,500
"spatial",1,10000,1.00580425733994,1198.81129161082,1041.62913774156,TRUE,267.199,1,1000,500
"nonspatial",1,10000,1.001732304272,2836.93321899234,2686.05706149171,TRUE,6.43200000000002,1,1000,500
"spatial",1,10000,1.00633846547037,1164.64152389175,1248.55309628276,TRUE,266.924,2,1000,500
"nonspatial",1,10000,1.00180802969324,2655.34037687502,2471.15911126513,TRUE,6.33499999999992,2,1000,500
"spatial",1,10000,1.00820655650275,721.858005714123,792.591381640107,TRUE,266.944,3,1000,500
"nonspatial",1,10000,1.00268349047337,2577.59435246277,2637.79952115412,TRUE,6.67500000000007,3,1000,500
"spatial",1,10000,1.00725996253245,1062.94796851975,1197.07176817119,TRUE,267.06,4,1000,500
"nonspatial",1,10000,1.00300606466591,2484.33584436497,2494.90225859494,TRUE,6.08799999999997,4,1000,500
"spatial",1,10000,1.00632691950806,842.507761171941,983.134208427583,TRUE,267.026,5,1000,500
"nonspatial",1,10000,1.00230934494357,2518.70732169572,2583.35179742075,TRUE,6.42399999999998,5,1000,500
"spatial",1,10000,1.00591586852957,1141.45851539137,928.189054442222,TRUE,267.12,6,1000,500
"nonspatial",1,10000,1.00288708417013,2764.18629588873,2601.4398730152,TRUE,6.06100000000004,6,1000,500
"spatial",1,10000,1.01282304780582,850.679365942133,689.876842825821,FALSE,267.132,7,1000,500
"spatial",2,20000,1.00342321378185,1691.1465807377,1736.77822776849,TRUE,492.24,7,1000,500
"nonspatial",1,10000,1.00243065660499,2635.28580298433,2825.45729212498,TRUE,6.44299999999998,7,1000,500
"spatial",1,10000,1.00508464265292,1174.93207768769,1185.74560359398,TRUE,266.971,8,1000,500
"nonspatial",1,10000,1.00235050032492,2849.37093841484,2678.67917426289,TRUE,6.346,8,1000,500
"spatial",1,10000,1.00464171760712,897.02914869857,951.843669142603,TRUE,268.112,9,1000,500
"nonspatial",1,10000,1.00276061135578,2790.57687220907,2359.92347891687,TRUE,6.48799999999994,9,1000,500
"spatial",1,10000,1.00753327078369,1020.72220821974,1361.02697465857,TRUE,266.86,10,1000,500
"nonspatial",1,10000,1.00223442882849,2563.30768309503,2398.01458355742,TRUE,6.37,10,1000,500
"spatial",1,10000,1.00558803690351,1076.11254446898,1337.56788164584,TRUE,267.249,1,0,250
"nonspatial",1,10000,1.00246424985513,2915.17413504931,2631.58959714791,TRUE,6.34299999999996,1,0,250
"spatial",1,10000,1.00604049793935,1089.16738153766,1141.60429750807,TRUE,267.473,2,0,250
"nonspatial",1,10000,1.00241138679552,2753.69366946071,2343.3011858876,TRUE,6.101,2,0,250
"spatial",1,10000,1.00849655235744,1062.49696181685,994.751942434673,TRUE,266.886,3,0,250
"nonspatial",1,10000,1.00217162138502,2638.6490552023,2649.9962807865,TRUE,6.34500000000003,3,0,250
"spatial",1,10000,1.00671771229891,1297.06663633897,1030.37094556998,TRUE,267.793,4,0,250
"nonspatial",1,10000,1.00167995594439,2403.52464919596,2380.79160230696,TRUE,6.66599999999994,4,0,250
"spatial",1,10000,1.00692415725654,1242.98846463416,1388.38630306268,TRUE,266.816,5,0,250
"nonspatial",1,10000,1.00248682912403,2733.99264319243,2472.20834184299,TRUE,6.79000000000008,5,0,250
"spatial",1,10000,1.00466374984096,1166.28194070171,1294.21156874994,TRUE,267.171,6,0,250
"nonspatial",1,10000,1.00213754446513,2706.87933529196,2744.45204023471,TRUE,6.71900000000005,6,0,250
"spatial",1,10000,1.00672808835016,998.568832592579,1075.36153719044,TRUE,269.376,7,0,250
"nonspatial",1,10000,1.00152234737099,2838.7438990128,2494.07258595975,TRUE,6.66600000000005,7,0,250
"spatial",1,10000,1.00513714112971,1178.57562832279,1321.96683184662,TRUE,269.847,8,0,250
"nonspatial",1,10000,1.00256234704603,2780.57547900874,2473.10096180169,TRUE,6.60000000000002,8,0,250
"spatial",1,10000,1.00444827805123,1188.77852141071,974.757354478694,TRUE,270.619,9,0,250
"nonspatial",1,10000,1.00247419862463,2783.23595795106,2660.66274267329,TRUE,6.3900000000001,9,0,250
"spatial",1,10000,1.00545646811383,1349.64047251462,1410.5178988734,TRUE,271.042,10,0,250
"nonspatial",1,10000,1.00212156078278,2715.4145317722,2119.46260014029,TRUE,6.68599999999992,10,0,250
"spatial",1,10000,1.00876162612035,791.254213311562,478.038718378333,TRUE,271.016,1,50,250
"nonspatial",1,10000,1.00152708573401,2719.27515456451,2243.62926369023,TRUE,6.34799999999996,1,50,250
"spatial",1,10000,1.0092827961392,815.04970408237,460.605546768504,TRUE,270.369,2,50,250
"nonspatial",1,10000,1.00278745197385,2516.19451763192,2566.9618627042,TRUE,6.13499999999999,2,50,250
"spatial",1,10000,1.0104957487988,447.089973540515,243.013961678285,FALSE,270.951,3,50,250
"spatial",2,20000,1.00679241768406,1129.77060577208,538.101652715374,TRUE,495.306,3,50,250
"nonspatial",1,10000,1.00211720038801,2831.77210079038,2694.05369334164,TRUE,6.24800000000005,3,50,250
"spatial",1,10000,1.00586901224594,759.805625294784,424.286868119557,TRUE,270.449,4,50,250
"nonspatial",1,10000,1.0036616244994,2845.76688838912,2834.68473956088,TRUE,6.37300000000005,4,50,250
"spatial",1,10000,1.00889869896393,658.981704212342,358.414800679423,FALSE,270.501,5,50,250
"spatial",2,20000,1.00315322542172,1398.16444101899,818.950546543412,TRUE,505.158,5,50,250
"nonspatial",1,10000,1.00320897871687,2739.24235231705,2673.42280460863,TRUE,6.53100000000018,5,50,250
"spatial",1,10000,1.00588130308586,718.949893639259,428.540018472002,TRUE,270.341,6,50,250
"nonspatial",1,10000,1.00324413705322,2512.82464707364,2597.43106388277,TRUE,6.07300000000009,6,50,250
"spatial",1,10000,1.00888784307042,610.703448069621,332.452121653163,FALSE,270.676,7,50,250
"spatial",2,20000,1.00440411569637,1316.54058735042,673.666368728164,TRUE,496.048,7,50,250
"nonspatial",1,10000,1.00257814747388,2760.93807274936,2505.26351013209,TRUE,6.18000000000006,7,50,250
"spatial",1,10000,1.00555942141487,982.422067628493,635.611396930188,TRUE,270.391,8,50,250
"nonspatial",1,10000,1.00184086417632,2940.30013143998,2398.17847517168,TRUE,6.30600000000004,8,50,250
"spatial",1,10000,1.01002451047427,716.117595322271,554.02991744764,FALSE,270.375,9,50,250
"spatial",2,20000,1.00386839294087,1636.90271795544,943.229826626568,TRUE,495.558,9,50,250
"nonspatial",1,10000,1.00415813723155,2676.63396843531,2589.99670276044,TRUE,6.24000000000001,9,50,250
"spatial",1,10000,1.00783398219996,971.942665516986,730.547415489394,TRUE,270.385,10,50,250
"nonspatial",1,10000,1.00320854716541,2819.76531101254,2567.14586566448,TRUE,6.08999999999992,10,50,250
"spatial",1,10000,1.01458134907896,739.836879524455,606.611889611764,FALSE,270.307,1,150,250
"spatial",2,20000,1.00595650759774,1236.1914651645,649.130086721055,TRUE,495.956,1,150,250
"nonspatial",1,10000,1.00385761152923,2913.96041491426,2415.80376826408,TRUE,6.18900000000008,1,150,250
"spatial",1,10000,1.01404180399583,547.627903604839,282.121009900911,FALSE,270.435,2,150,250
"spatial",2,20000,1.00236822286722,1167.76298370508,557.918644820219,TRUE,495.485,2,150,250
"nonspatial",1,10000,1.00301859576239,2824.48124432761,2493.90969501064,TRUE,6.21600000000012,2,150,250
"spatial",1,10000,1.01244157386748,368.421534585166,239.260079181569,FALSE,270.991,3,150,250
"spatial",2,20000,1.00869021219059,830.890998698432,385.166245936103,FALSE,495.211,3,150,250
"spatial",3,40000,1.00354913737016,1598.32124911387,869.532158285752,TRUE,930.077,3,150,250
"nonspatial",1,10000,1.0022252946806,2620.11541502843,2804.55241463015,TRUE,6.17599999999993,3,150,250
"spatial",1,10000,1.01229621089267,478.617536867678,238.920387845968,FALSE,271.042,4,150,250
"spatial",2,20000,1.00696329192413,798.66669199769,559.608347706876,TRUE,495.664,4,150,250
"nonspatial",1,10000,1.00262068885936,2696.27501201467,2577.81414549672,TRUE,6.21900000000005,4,150,250
"spatial",1,10000,1.01266855134105,385.378605019663,227.468795533158,FALSE,270.434,5,150,250
"spatial",2,20000,1.00974606235748,824.519283819867,385.917731333622,FALSE,495.922,5,150,250
"spatial",3,40000,1.00369698500487,2430.86960119291,1165.10167056991,TRUE,930.466,5,150,250
"nonspatial",1,10000,1.00140884271373,2581.08657715705,2531.63065808186,TRUE,6.14300000000003,5,150,250
"spatial",1,10000,1.01246750618324,421.50746269028,177.072294696622,FALSE,270.337,6,150,250
"spatial",2,20000,1.00955934234323,984.017963376555,474.859954246743,TRUE,495.841,6,150,250
"nonspatial",1,10000,1.00213705432019,2657.53656199851,2738.14936075308,TRUE,6.22199999999998,6,150,250
"spatial",1,10000,1.01360345583229,371.622424122616,141.074908184619,FALSE,269.951,7,150,250
"spatial",2,20000,1.00731005789831,918.855241360208,402.773351352442,TRUE,495.251,7,150,250
"nonspatial",1,10000,1.00177564974955,2949.5131508455,2786.72521950103,TRUE,6.20700000000011,7,150,250
"spatial",1,10000,1.01102809871472,595.196119057889,372.996318541466,FALSE,274.106,8,150,250
"spatial",2,20000,1.00478645097361,1060.70610523735,558.819486455625,TRUE,493.128,8,150,250
"nonspatial",1,10000,1.00246942184025,2528.9994711272,1867.27428070309,TRUE,6.46399999999994,8,150,250
"spatial",1,10000,1.017828924993,658.422004706386,437.723442374567,FALSE,274.211,9,150,250
"spatial",2,20000,1.00346788705403,1247.11582573856,660.542217298543,TRUE,493.488,9,150,250
"nonspatial",1,10000,1.00348981996787,2698.61058741487,2434.6296910779,TRUE,6.44200000000001,9,150,250
"spatial",1,10000,1.00988572415935,422.916548294485,291.268951556609,FALSE,274.4,10,150,250
"spatial",2,20000,1.00299369756868,1374.98957033009,627.098355310157,TRUE,493.557,10,150,250
"nonspatial",1,10000,1.00244560448843,2635.33758005252,2371.57942545233,TRUE,6.17200000000003,10,150,250
"spatial",1,10000,1.00688876033943,528.484087636574,307.255112683744,FALSE,274.143,1,350,250
"spatial",2,20000,1.00481118026251,1538.06745367878,852.843727319699,TRUE,492.95,1,350,250
"nonspatial",1,10000,1.00154096294593,2764.52507266176,2785.32175419019,TRUE,6.22199999999998,1,350,250
"spatial",1,10000,1.00897366224322,722.89923339015,450.399776946888,TRUE,275.206,2,350,250
"nonspatial",1,10000,1.00236977364746,2813.65679924272,2511.48121830122,TRUE,6.69200000000001,2,350,250
"spatial",1,10000,1.01068711361391,493.874269481663,280.17506845765,FALSE,275.392,3,350,250
"spatial",2,20000,1.00588620133698,784.010190595677,608.257292656366,TRUE,493.545,3,350,250
"nonspatial",1,10000,1.0024747971952,2772.56001560328,2451.9471986777,TRUE,6.14499999999998,3,350,250
"spatial",1,10000,1.01209706068521,493.683183519429,315.576487604536,FALSE,274.929,4,350,250
"spatial",2,20000,1.01068695091452,925.543747782362,433.847930041878,FALSE,493.262,4,350,250
"spatial",3,40000,1.00511139375053,1839.67262163264,1090.0567239056,TRUE,927.481,4,350,250
"nonspatial",1,10000,1.00211371130499,2733.28828747624,2505.9360377368,TRUE,5.95899999999983,4,350,250
"spatial",1,10000,1.00909732478422,491.125572755143,272.745964562298,FALSE,275.044,5,350,250
"spatial",2,20000,1.0031207881545,1542.78744555698,860.496410902943,TRUE,493.295,5,350,250
"nonspatial",1,10000,1.00148098169434,2758.39209276643,2828.05803851296,TRUE,6.41499999999996,5,350,250
"spatial",1,10000,1.00855629438765,677.88685385759,372.117245202562,FALSE,274.937,6,350,250
"spatial",2,20000,1.00601558952118,1273.08819502365,685.031565090993,TRUE,493.461,6,350,250
"nonspatial",1,10000,1.00234231669987,2401.36805219042,2326.63419355878,TRUE,6.13999999999987,6,350,250
"spatial",1,10000,1.01266909350849,434.932106809502,229.224451733263,FALSE,275.195,7,350,250
"spatial",2,20000,1.00659066720991,913.289038434915,693.778540627034,TRUE,493.544,7,350,250
"nonspatial",1,10000,1.00180683060049,2753.52275737839,2553.61428739416,TRUE,6.19800000000009,7,350,250
"spatial",1,10000,1.00949296959362,765.866590997842,455.896180608139,TRUE,274.667,8,350,250
"nonspatial",1,10000,1.00253029286911,2489.20029864685,2015.86828401063,TRUE,6.15900000000011,8,350,250
"spatial",1,10000,1.0157815171414,458.154817245409,531.155349234241,FALSE,274.93,9,350,250
"spatial",2,20000,1.00772526970432,886.121521396172,755.55654021397,TRUE,493.514,9,350,250
"nonspatial",1,10000,1.0019729779028,2788.15055358885,2654.3848444723,TRUE,6.37100000000009,9,350,250
"spatial",1,10000,1.00798710466925,517.056462769451,565.913805999251,TRUE,273.154,10,350,250
"nonspatial",1,10000,1.00322942739052,2900.23319017511,2774.62198739226,TRUE,6.15800000000013,10,350,250
"spatial",1,10000,1.00713479552625,845.540173349912,746.800294976809,TRUE,273.298,1,750,250
"nonspatial",1,10000,1.00299946348125,2711.52056477569,2508.70951793602,TRUE,6.3900000000001,1,750,250
"spatial",1,10000,1.00526565328457,856.764162944866,559.654795719984,TRUE,273.697,2,750,250
"nonspatial",1,10000,1.00254472974965,2756.0508228198,2518.9499918094,TRUE,6.12899999999991,2,750,250
"spatial",1,10000,1.01059118573779,387.401510547986,351.542342411957,FALSE,272.292,3,750,250
"spatial",2,20000,1.0085731440504,860.491895612803,622.523365862123,TRUE,491.156,3,750,250
"nonspatial",1,10000,1.00206934370002,2512.05753879711,2341.81604588801,TRUE,6.17599999999993,3,750,250
"spatial",1,10000,1.00754518058638,892.571218054976,766.136940865307,TRUE,272.799,4,750,250
"nonspatial",1,10000,1.00227595836177,2609.64484411274,2571.03239143726,TRUE,6.65900000000011,4,750,250
"spatial",1,10000,1.00795447907479,697.313068669409,473.310909024602,TRUE,272.561,5,750,250
"nonspatial",1,10000,1.00192998105084,2763.67014770842,2542.78715521565,TRUE,6.43900000000008,5,750,250
"spatial",1,10000,1.00973224948186,570.802068316614,372.908903097624,FALSE,272.55,6,750,250
"spatial",2,20000,1.00435895694349,1381.19736477642,733.355203807047,TRUE,491.064,6,750,250
"nonspatial",1,10000,1.00260641996612,2691.77315226721,2643.26689119168,TRUE,6.38600000000042,6,750,250
"spatial",1,10000,1.00920388229775,517.436037080388,620.337114051447,TRUE,272.468,7,750,250
"nonspatial",1,10000,1.00287760388441,2657.83189390703,2620.96643910218,TRUE,6.13799999999992,7,750,250
"spatial",1,10000,1.01002625874941,884.428063698731,880.166843674873,FALSE,272.549,8,750,250
"spatial",2,20000,1.00328815364052,2039.82136284977,1617.65144937099,TRUE,491.097,8,750,250
"nonspatial",1,10000,1.00250940851586,2686.61136273536,2345.77038728422,TRUE,6.1880000000001,8,750,250
"spatial",1,10000,1.00985857041237,777.567854297133,587.745396907844,TRUE,272.282,9,750,250
"nonspatial",1,10000,1.00282352664219,2794.53883718759,2809.57755706469,TRUE,6.20100000000002,9,750,250
"spatial",1,10000,1.01170848865965,749.007444019867,470.781808978478,FALSE,272.688,10,750,250
"spatial",2,20000,1.00434178949788,1721.59873959626,1067.40538894251,TRUE,490.627,10,750,250
"nonspatial",1,10000,1.00150692000245,2670.5085024886,2823.1868882481,TRUE,6.08099999999968,10,750,250
"spatial",1,10000,1.00546797201937,916.111287869298,900.001308681516,TRUE,272.401,1,1000,250
"nonspatial",1,10000,1.00355064726497,2824.83307928045,2636.96418519239,TRUE,6.20499999999993,1,1000,250
"spatial",1,10000,1.00704830829072,920.238812104092,589.177582981126,TRUE,272.21,2,1000,250
"nonspatial",1,10000,1.00290665613674,2318.43973601852,2542.43987076845,TRUE,6.32600000000002,2,1000,250
"spatial",1,10000,1.01228514727418,521.686879696497,418.503597417192,FALSE,272.315,3,1000,250
"spatial",2,20000,1.00436676841421,989.762195122374,1218.44789923664,TRUE,490.097,3,1000,250
"nonspatial",1,10000,1.00204988904567,2630.06707100135,2505.12899328225,TRUE,6.38699999999972,3,1000,250
"spatial",1,10000,1.00840435939793,898.309089763878,975.686161916077,TRUE,273.244,4,1000,250
"nonspatial",1,10000,1.00174431792673,2695.33709917884,2388.9210857711,TRUE,6.45499999999993,4,1000,250
"spatial",1,10000,1.00786468174756,949.930000760734,506.74529380391,TRUE,273.656,5,1000,250
"nonspatial",1,10000,1.00348787465895,2604.55293850328,2476.70819318258,TRUE,6.20199999999977,5,1000,250
"spatial",1,10000,1.00756174488702,866.960509628798,527.393488232898,TRUE,273.467,6,1000,250
"nonspatial",1,10000,1.00394862133035,2854.45656746592,2396.18902137832,TRUE,6.73700000000008,6,1000,250
"spatial",1,10000,1.01558579707897,398.387304476156,329.352854122883,FALSE,273.22,7,1000,250
"spatial",2,20000,1.00743839716369,1041.87404942533,1090.13597033044,TRUE,487.973,7,1000,250
"nonspatial",1,10000,1.00176251850423,2555.53345332482,2174.23486816443,TRUE,6.11799999999994,7,1000,250
"spatial",1,10000,1.00866781494407,851.931534717432,760.116648075126,TRUE,273.427,8,1000,250
"nonspatial",1,10000,1.00292964816696,2696.79900990655,2392.79989764406,TRUE,6.1880000000001,8,1000,250
"spatial",1,10000,1.00738138577565,800.372080812334,684.722813801224,TRUE,275.257,9,1000,250
"nonspatial",1,10000,1.00327113974421,2544.54573091036,2508.22141471255,TRUE,6.7800000000002,9,1000,250
"spatial",1,10000,1.00725123557706,914.874690672833,684.795597456613,TRUE,274.841,10,1000,250
"nonspatial",1,10000,1.0018636494057,2433.50981792317,2510.12457816488,TRUE,6.49600000000009,10,1000,250
"spatial",1,10000,1.00390334924802,1059.43494969591,1002.30835528439,TRUE,274.783,1,0,1000
"nonspatial",1,10000,1.00150065798361,2787.75020108493,2342.89889479939,TRUE,6.46799999999985,1,0,1000
"spatial",1,10000,1.00658724787033,1187.89952027506,1365.99329767456,TRUE,274.393,2,0,1000
"nonspatial",1,10000,1.00232019630914,2719.66359750157,2915.93406330304,TRUE,6.46499999999969,2,0,1000
"spatial",1,10000,1.00518829381975,1152.51397323545,1340.45988590878,TRUE,274.599,3,0,1000
"nonspatial",1,10000,1.00231208459461,2802.16723749159,2706.95621692718,TRUE,6.44100000000026,3,0,1000
"spatial",1,10000,1.00527105447333,1278.48566511846,1393.92820377441,TRUE,274.633,4,0,1000
"nonspatial",1,10000,1.00261918145943,2503.29086848059,2365.56543392588,TRUE,6.47600000000011,4,0,1000
"spatial",1,10000,1.00821214199757,1122.93214142963,1309.82589365296,TRUE,274.696,5,0,1000
"nonspatial",1,10000,1.00233833592398,2722.03654072588,2541.38173564991,TRUE,6.48900000000003,5,0,1000
"spatial",1,10000,1.00369381344838,1393.76793615987,1500.44633347973,TRUE,274.826,6,0,1000
"nonspatial",1,10000,1.00268055241963,2715.14154441656,2457.99303581379,TRUE,6.48700000000008,6,0,1000
"spatial",1,10000,1.00514719849287,1274.10981503567,1476.35520452424,TRUE,274.904,7,0,1000
"nonspatial",1,10000,1.00183769319339,2953.30337904458,2575.4675856396,TRUE,6.22700000000032,7,0,1000
"spatial",1,10000,1.0052722841839,1228.56082185139,1247.94072184947,TRUE,274.959,8,0,1000
"nonspatial",1,10000,1.00282457002069,2641.18795669966,2671.50626282278,TRUE,6.16399999999976,8,0,1000
"spatial",1,10000,1.00487941620167,1254.4171163342,1325.68121511192,TRUE,274.165,9,0,1000
"nonspatial",1,10000,1.00157313944429,2748.84034749701,2588.25615092571,TRUE,6.26999999999998,9,0,1000
"spatial",1,10000,1.00457419776628,1206.71055673826,1488.45018213261,TRUE,272.853,10,0,1000
"nonspatial",1,10000,1.00293125926566,2638.00114803821,2706.95016306072,TRUE,6.01999999999998,10,0,1000
"spatial",1,10000,1.00506208654261,1197.37150061577,1375.40675243204,TRUE,270.618,1,50,1000
"nonspatial",1,10000,1.00234047286403,2906.40510881895,2456.08961694584,TRUE,6.36200000000008,1,50,1000
"spatial",1,10000,1.007466857777,1220.8624232301,1398.1480913532,TRUE,269.557,2,50,1000
"nonspatial",1,10000,1.00146441746618,2751.4852709554,2342.84416979984,TRUE,6.40900000000011,2,50,1000
"spatial",1,10000,1.00613100015052,1012.48891220225,1312.36614553394,TRUE,269.48,3,50,1000
"nonspatial",1,10000,1.00332303659893,2654.40855952002,2819.704673725,TRUE,6.35699999999997,3,50,1000
"spatial",1,10000,1.00417189844888,1095.27171055871,1277.37308909538,TRUE,268.116,4,50,1000
"nonspatial",1,10000,1.00335403509125,2981.30792268372,2710.81976039472,TRUE,6.13299999999981,4,50,1000
"spatial",1,10000,1.0060652019418,1045.15404368985,1428.47635107335,TRUE,267.863,5,50,1000
"nonspatial",1,10000,1.00202928108881,2750.75325010353,2692.20333151258,TRUE,6.13300000000027,5,50,1000
"spatial",1,10000,1.00529877648663,1199.64213198477,1408.51034451845,TRUE,269.82,6,50,1000
"nonspatial",1,10000,1.00260746872782,2653.03788554756,2258.39677059995,TRUE,6.54700000000003,6,50,1000
"spatial",1,10000,1.00534453425841,1163.99632151002,1321.5038142791,TRUE,268.053,7,50,1000
"nonspatial",1,10000,1.00248148513345,2576.00639637305,2783.17865212391,TRUE,6.10800000000017,7,50,1000
"spatial",1,10000,1.00757066674501,1154.57069979776,1457.45169924441,TRUE,268.19,8,50,1000
"nonspatial",1,10000,1.00223071532986,2952.13876081971,2668.72757586738,TRUE,6.63499999999976,8,50,1000
"spatial",1,10000,1.00606875835854,1208.92363430522,1106.37047033036,TRUE,268.148,9,50,1000
"nonspatial",1,10000,1.00366218988439,2535.06513825733,2581.43603520043,TRUE,6.39400000000023,9,50,1000
"spatial",1,10000,1.00498756914425,1113.75760663018,1482.47346973563,TRUE,268.688,10,50,1000
"nonspatial",1,10000,1.00333842886258,2566.02211210132,2659.18024163753,TRUE,6.1569999999997,10,50,1000
"spatial",1,10000,1.00580119817627,1007.5044939185,1333.02432454022,TRUE,268.214,1,150,1000
"nonspatial",1,10000,1.00255107591919,2684.6305031609,2199.89858164015,TRUE,6.12699999999995,1,150,1000
"spatial",1,10000,1.00572380647242,1081.08713687832,1222.19310323495,TRUE,267.985,2,150,1000
"nonspatial",1,10000,1.00343118134592,2894.16498913138,2378.8485753208,TRUE,6.38799999999992,2,150,1000
"spatial",1,10000,1.00690750055502,1156.1348739563,1317.5773132208,TRUE,267.984,3,150,1000
"nonspatial",1,10000,1.00256754339428,2695.4047545448,2446.75747056495,TRUE,6.125,3,150,1000
"spatial",1,10000,1.00638036646775,1258.47674321708,1210.07546874317,TRUE,268.094,4,150,1000
"nonspatial",1,10000,1.00217399849248,2862.22094892705,2461.4242150079,TRUE,6.16600000000017,4,150,1000
"spatial",1,10000,1.00452176231055,1177.09600255505,1440.35675571511,TRUE,269.088,5,150,1000
"nonspatial",1,10000,1.00209983334575,2517.5321975528,2572.49844342554,TRUE,6.0939999999996,5,150,1000
"spatial",1,10000,1.00800009865107,1141.90174523491,1196.16328715625,TRUE,270.131,6,150,1000
"nonspatial",1,10000,1.0024991464078,2707.54065219739,2181.72828137427,TRUE,6.63599999999997,6,150,1000
"spatial",1,10000,1.00497119146481,995.351990213704,1047.35546532115,TRUE,270.09,7,150,1000
"nonspatial",1,10000,1.00282226685733,2780.51914237491,2662.05350998763,TRUE,6.37000000000035,7,150,1000
"spatial",1,10000,1.00487464317395,1095.39089941,1396.24932317068,TRUE,270.251,8,150,1000
"nonspatial",1,10000,1.00294379422341,2870.06106264916,2536.1593111134,TRUE,6.13400000000001,8,150,1000
"spatial",1,10000,1.00687256862067,1166.19031971462,1332.1591242167,TRUE,270.408,9,150,1000
"nonspatial",1,10000,1.00248081345829,2729.88143869296,2636.56015156531,TRUE,6.17399999999998,9,150,1000
"spatial",1,10000,1.00750342138216,1090.74384528021,1125.43205989198,TRUE,270.161,10,150,1000
"nonspatial",1,10000,1.00323245431283,2722.96554547229,2456.55156623773,TRUE,6.13699999999972,10,150,1000
"spatial",1,10000,1.00594774982025,1286.50526916075,1465.88879893595,TRUE,270.106,1,350,1000
"nonspatial",1,10000,1.00320380547626,2727.64448982888,2341.71849285384,TRUE,6.40700000000015,1,350,1000
"spatial",1,10000,1.00725995072322,1197.1253451507,1200.15036247168,TRUE,270.116,2,350,1000
"nonspatial",1,10000,1.00186366536213,2784.9839393148,2607.60526992894,TRUE,6.12100000000009,2,350,1000
"spatial",1,10000,1.00538274869034,1240.59399903873,1017.30841529201,TRUE,270.588,3,350,1000
"nonspatial",1,10000,1.00210291566346,2747.58118169207,2512.46731406483,TRUE,6.06100000000015,3,350,1000
"spatial",1,10000,1.00746829014471,665.862861585096,497.028253954331,TRUE,275.824,4,350,1000
"nonspatial",1,10000,1.00251651502256,2949.9684063284,2577.47523750774,TRUE,6.22299999999996,4,350,1000
"spatial",1,10000,1.00552712046926,1012.27986790042,1428.29122695342,TRUE,270.496,5,350,1000
"nonspatial",1,10000,1.0024789073353,2775.20546523025,2546.07206828973,TRUE,6.07699999999977,5,350,1000
"spatial",1,10000,1.00533771175759,1126.26524972612,1438.76278749467,TRUE,271.003,6,350,1000
"nonspatial",1,10000,1.00311260446127,2690.18221645556,2782.52194379778,TRUE,6.32599999999957,6,350,1000
"spatial",1,10000,1.00583909729193,1235.3569061307,1351.61439574564,TRUE,270.671,7,350,1000
"nonspatial",1,10000,1.00487642420346,2600.81590596258,2691.69740560006,TRUE,6.07700000000023,7,350,1000
"spatial",1,10000,1.0043531347857,1154.6876802019,1454.60717220353,TRUE,270.594,8,350,1000
"nonspatial",1,10000,1.00228745838067,2788.79571108386,2678.45931424575,TRUE,6.08500000000004,8,350,1000
"spatial",1,10000,1.00573815990519,939.115573531366,930.48016274393,TRUE,270.31,9,350,1000
"nonspatial",1,10000,1.00147029185134,2934.50617731448,2756.51828279441,TRUE,6.08799999999974,9,350,1000
"spatial",1,10000,1.00520566760831,774.375216367621,793.792947283127,TRUE,270.553,10,350,1000
"nonspatial",1,10000,1.0022672611992,2551.52626728005,2425.58683789351,TRUE,6.125,10,350,1000
"spatial",1,10000,1.00560851688499,1268.04406537448,1154.97500504084,TRUE,270.579,1,750,1000
"nonspatial",1,10000,1.00318590605675,2468.79474219987,2211.47501580081,TRUE,6.08999999999969,1,750,1000
"spatial",1,10000,1.00550478558217,1129.65923648748,1233.93594356939,TRUE,270.307,2,750,1000
"nonspatial",1,10000,1.00153725192775,2676.1200017322,2468.12796973129,TRUE,6.11799999999994,2,750,1000
"spatial",1,10000,1.00697428374043,867.642152633486,847.983724380036,TRUE,270.462,3,750,1000
"nonspatial",1,10000,1.0026866941135,2410.71931430456,2662.72096504065,TRUE,6.19700000000012,3,750,1000
"spatial",1,10000,1.00836134923606,816.64601044065,378.272925194225,FALSE,270.373,4,750,1000
"spatial",2,20000,1.00270839383038,1912.69790524355,1496.47870214864,TRUE,453.667,4,750,1000
"nonspatial",1,10000,1.00272355100354,2705.92337236757,2288.43965600911,TRUE,5.63900000000012,4,750,1000
"spatial",1,10000,1.00544607326078,964.899216417723,1141.16753255841,TRUE,269.471,5,750,1000
"nonspatial",1,10000,1.00219901930189,2651.6614476913,2474.31372798899,TRUE,6.01200000000017,5,750,1000
"spatial",1,10000,1.00655856382581,1095.04206364216,1272.28338293166,TRUE,268.854,6,750,1000
"nonspatial",1,10000,1.00246484683682,2388.94620977397,2696.9459426359,TRUE,6.20299999999997,6,750,1000
"spatial",1,10000,1.00620932201392,1160.7357585481,911.155259016758,TRUE,269.025,7,750,1000
"nonspatial",1,10000,1.00334962114333,2626.49328571442,2516.79947364111,TRUE,6.20700000000033,7,750,1000
"spatial",1,10000,1.01150562286825,946.708156060152,1125.13870305172,FALSE,265.81,8,750,1000
"spatial",2,20000,1.00394710196942,2348.90678076337,2582.12453864836,TRUE,444.39,8,750,1000
"nonspatial",1,10000,1.00267417292157,2675.04733758319,2481.42416082957,TRUE,5.37699999999995,8,750,1000
"spatial",1,10000,1.00929998300093,809.673489166056,534.023122825637,TRUE,261.487,9,750,1000
"nonspatial",1,10000,1.00319239323845,2617.60724481965,2498.30434946045,TRUE,5.72699999999986,9,750,1000
"spatial",1,10000,1.00865628614777,837.943512465548,673.525385389661,TRUE,261.501,10,750,1000
"nonspatial",1,10000,1.0029409415604,2641.06157610891,2851.08956539823,TRUE,5.9680000000003,10,750,1000
"spatial",1,10000,1.00513704695626,1215.41446558839,1311.70627564763,TRUE,264.225,1,1000,1000
"nonspatial",1,10000,1.00258853378998,2686.16543929159,2952.38680048402,TRUE,5.91200000000026,1,1000,1000
"spatial",1,10000,1.00716215267032,1292.25717059194,1654.91310179451,TRUE,261.459,2,1000,1000
"nonspatial",1,10000,1.0016855460962,2669.04004285934,2659.49365086841,TRUE,5.96500000000015,2,1000,1000
"spatial",1,10000,1.00873674600996,887.398446409364,837.496876748721,TRUE,261.427,3,1000,1000
"nonspatial",1,10000,1.00204573658202,2472.57273178619,2103.15442517068,TRUE,5.94800000000032,3,1000,1000
"spatial",1,10000,1.00673365740082,1040.73920852163,1157.79303774874,TRUE,261.371,4,1000,1000
"nonspatial",1,10000,1.00325839438001,2660.39596387413,2728.64861933066,TRUE,5.65700000000015,4,1000,1000
"spatial",1,10000,1.00605974069266,937.945971684167,703.98355541865,TRUE,260.971,5,1000,1000
"nonspatial",1,10000,1.0024439446779,2520.43126177065,2621.61770504308,TRUE,5.65700000000015,5,1000,1000
"spatial",1,10000,1.00548076941466,1249.50131875015,1374.91937165526,TRUE,256.933,6,1000,1000
"nonspatial",1,10000,1.00240111760911,2750.95558791387,2721.73296172801,TRUE,5.64200000000028,6,1000,1000
"spatial",1,10000,1.00566827834468,1098.51928052819,1125.99006028861,TRUE,256.633,7,1000,1000
"nonspatial",1,10000,1.00259163814981,2540.80936627121,2438.43812380462,TRUE,5.65900000000011,7,1000,1000
"spatial",1,10000,1.00421220000213,1187.67409413521,1134.24555487845,TRUE,256.607,8,1000,1000
"nonspatial",1,10000,1.00186657950813,2663.9042047533,2685.61629231566,TRUE,5.61900000000014,8,1000,1000
"spatial",1,10000,1.00648217766123,807.263806721267,918.024946116574,TRUE,257.039,9,1000,1000
"nonspatial",1,10000,1.00321447579713,2692.96919365981,2593.17565470062,TRUE,5.89299999999957,9,1000,1000
"spatial",1,10000,1.00698765191536,1024.9450539419,646.586384986222,TRUE,256.477,10,1000,1000
"nonspatial",1,10000,1.00274989455102,2607.12854388349,2280.60450077623,TRUE,5.65100000000029,10,1000,1000
